{"initial_reset_timestamp": 1595538038.660908, "timestamps": [1595538039.3185823], "episode_lengths": [10], "episode_rewards": [10.0], "episode_types": ["t"]}